<?xml version="1.0" encoding="utf-8" ?>
<Defs>

	<!-- Issue -->

	<IssueDef>
		<defName>HAR_EatingAliens</defName>
		<label>eating aliens</label>
		<iconPath>AlienRace/UI/Issues/EatingAliens</iconPath>
	</IssueDef>

	<HistoryEventDef>
		<defName>HAR_AteAlienMeat</defName>
		<label>ate alien meat</label>
	</HistoryEventDef>

	<HistoryEventDef>
		<defName>HAR_ButcheredAlien</defName>
		<label>butchered alien</label>
	</HistoryEventDef>

	<HistoryEventDef>
		<defName>HAR_AteNonAlienFood</defName>
		<label>ate non-alien food</label>
	</HistoryEventDef>

	<!-- Precepts -->

	<!-- Abhorrent -->


	<PreceptDef>
		<defName>HAR_EatingAliens_Abhorrent</defName>
		<issue>HAR_EatingAliens</issue>
		<label>abhorrent</label>
		<description>Eating the corpse of another sentient species, even in times of starvation, is unthinkably grotesque.</description>
		<impact>Low</impact>
		<displayOrderInIssue>50</displayOrderInIssue>
		<displayOrderInImpact>100</displayOrderInImpact>
		<defaultSelectionWeight>1</defaultSelectionWeight>
		<conflictingMemes>
			<li>HAR_Xenophobia</li>
		</conflictingMemes>
		<associatedMemes>
			<li>HAR_Xenophilia</li>      
		</associatedMemes>
		<comps>
			<li Class="PreceptComp_SelfTookMemoryThought">
				<eventDef>HAR_AteAlienMeat</eventDef>
				<thought>HAR_AteAlienMeat_Abhorrent</thought>
			</li>
			<li Class="PreceptComp_KnowsMemoryThought">
				<eventDef>HAR_AteAlienMeat</eventDef>
				<thought>HAR_AteAlienMeat_Know_Abhorrent</thought>
			</li>
			<li Class="PreceptComp_SelfTookMemoryThought">
				<eventDef>HAR_ButcheredAlien</eventDef>
				<thought>HAR_ButcheredAlien_Abhorrent</thought>
			</li>
			<!-->li Class="PreceptComp_KnowsMemoryThought">
				<eventDef>HAR_ButcheredAlien</eventDef>
				<thought/>
			</li-->
			<li Class="PreceptComp_KnowsMemoryThought">
				<eventDef>HAR_ButcheredAlien</eventDef>
				<thought>HAR_ButcheredAlien_Know_Abhorrent_Opinion</thought>
			</li>

		</comps>
	</PreceptDef>

	<ThoughtDef>
		<defName>HAR_AteAlienMeat_Abhorrent</defName>
		<durationDays>1</durationDays>
		<nullifyingTraits>
			<li>Cannibal</li>
		</nullifyingTraits>
		<stages>
			<li>
				<label>ate alien meat</label>
				<description>I had to eat a sapient alien's meat. This is an offense against everything I believe.</description>
				<baseMoodEffect>-20</baseMoodEffect>
			</li>
		</stages>
	</ThoughtDef>

	<ThoughtDef>
		<defName>HAR_AteAlienMeat_Know_Abhorrent</defName>
		<thoughtClass>Thought_MemorySocial</thoughtClass>
		<durationDays>5</durationDays>
		<stackLimit>100</stackLimit>
		<stackLimitForSameOtherPawn>3</stackLimitForSameOtherPawn>
		<nullifyingTraits>
			<li>Cannibal</li>
		</nullifyingTraits>
		<stages>
			<li>
				<label>ate alien meat</label>
				<baseOpinionOffset>-40</baseOpinionOffset>
			</li>
		</stages>
	</ThoughtDef>

	<ThoughtDef>
		<defName>HAR_ButcheredAlien_Abhorrent</defName>
		<durationDays>6</durationDays>
		<nullifyingTraits>
			<li>Psychopath</li>
			<li>Bloodlust</li>
			<li>Cannibal</li>
		</nullifyingTraits>
		<stages>
			<li>
				<label>I butchered an alien</label>
				<description>I butchered a sapient alien. This is an offense against everything I believe.</description>
				<baseMoodEffect>-12</baseMoodEffect>
			</li>
		</stages>
	</ThoughtDef>

	<ThoughtDef>
		<defName>HAR_ButcheredAlien_Know_Abhorrent</defName>
		<thoughtClass>Thought_Memory</thoughtClass>
		<durationDays>5</durationDays>
		<stackLimit>5</stackLimit>
		<nullifyingTraits>
			<li>Psychopath</li>
			<li>Bloodlust</li>
			<li>Cannibal</li>
		</nullifyingTraits>
		<stages>
			<li>
				<label>we butchered an alien</label>
				<description>One of us butchered a sapient alien. This is an offense against everything I believe.</description>
				<baseMoodEffect>-5</baseMoodEffect>
			</li>
		</stages>
	</ThoughtDef>

	<ThoughtDef>
		<defName>HAR_ButcheredAlien_Know_Abhorrent_Opinion</defName>
		<thoughtClass>Thought_MemorySocial</thoughtClass>
		<durationDays>5</durationDays>
		<stackLimit>100</stackLimit>
		<stackLimitForSameOtherPawn>3</stackLimitForSameOtherPawn>
		<nullifyingTraits>
			<li>Psychopath</li>
			<li>Bloodlust</li>
			<li>Cannibal</li>
		</nullifyingTraits>
		<stages>
			<li>
				<label>butchered an alien</label>
				<baseOpinionOffset>-30</baseOpinionOffset>
			</li>
		</stages>
	</ThoughtDef>






	<!-- Disapproved -->

	<PreceptDef>
		<defName>HAR_EatingAliens_Disapproved</defName>
		<issue>HAR_EatingAliens</issue>
		<label>disapproved</label>
		<description>Eating the corpse of another sentient species is something that should only be done under dire circumstances.</description>
		<impact>Low</impact>
		<displayOrderInIssue>30</displayOrderInIssue>
		<displayOrderInImpact>100</displayOrderInImpact>

		<comps>
			<li Class="PreceptComp_SelfTookMemoryThought">
				<eventDef>HAR_AteAlienMeat</eventDef>
				<thought>HAR_AteAlienMeat_Disapproved</thought>
			</li>
			<li Class="PreceptComp_KnowsMemoryThought">
				<eventDef>HAR_AteAlienMeat</eventDef>
				<thought>HAR_AteAlienMeat_Know_Disapproved</thought>
			</li>
			<li Class="PreceptComp_SelfTookMemoryThought">
				<eventDef>HAR_ButcheredAlien</eventDef>
				<thought>HAR_ButcheredAlien_Disapproved</thought>
			</li>
			<li Class="PreceptComp_KnowsMemoryThought">
				<eventDef>HAR_ButcheredAlien</eventDef>
				<thought>HAR_ButcheredAlien_Know_Disapproved</thought>
			</li>
			<li Class="PreceptComp_KnowsMemoryThought">
				<eventDef>HAR_ButcheredAlien</eventDef>
				<thought>HAR_ButcheredAlien_Know_Disapproved_Opinion</thought>
			</li>

		</comps>
	</PreceptDef>

	<ThoughtDef>
		<defName>HAR_AteAlienMeat_Disapproved</defName>
		<durationDays>1</durationDays>
		<nullifyingTraits>
			<li>Cannibal</li>
		</nullifyingTraits>
		<stages>
			<li>
				<label>ate alien meat</label>
				<description>I had to eat alien meat. I believe such actions are wrong.</description>
				<baseMoodEffect>-5</baseMoodEffect>
			</li>
		</stages>
	</ThoughtDef>

	<ThoughtDef>
		<defName>HAR_AteAlienMeat_Know_Disapproved</defName>
		<thoughtClass>Thought_MemorySocial</thoughtClass>
		<durationDays>5</durationDays>
		<stackLimit>100</stackLimit>
		<stackLimitForSameOtherPawn>3</stackLimitForSameOtherPawn>
		<nullifyingTraits>
			<li>Cannibal</li>
		</nullifyingTraits>
		<stages>
			<li>
				<label>ate alien meat</label>
				<baseOpinionOffset>-10</baseOpinionOffset>
			</li>
		</stages>
	</ThoughtDef>

	<ThoughtDef>
		<defName>HAR_ButcheredAlien_Disapproved</defName>
		<durationDays>6</durationDays>
		<nullifyingTraits>
			<li>Psychopath</li>
			<li>Bloodlust</li>
			<li>Cannibal</li>
		</nullifyingTraits>
		<stages>
			<li>
				<label>I butchered an alien</label>
				<description>I butchered a sapient alien. I believe such actions are wrong.</description>
				<baseMoodEffect>-3</baseMoodEffect>
			</li>
		</stages>
	</ThoughtDef>

	<ThoughtDef>
		<defName>HAR_ButcheredAlien_Know_Disapproved</defName>
		<thoughtClass>Thought_Memory</thoughtClass>
		<durationDays>5</durationDays>
		<stackLimit>5</stackLimit>
		<nullifyingTraits>
			<li>Psychopath</li>
			<li>Bloodlust</li>
			<li>Cannibal</li>
		</nullifyingTraits>
		<stages>
			<li>
				<label>we butchered an alien</label>
				<description>One of us butchered a sapient alien. I believe such actions are wrong.</description>
				<baseMoodEffect>-1</baseMoodEffect>
			</li>
		</stages>
	</ThoughtDef>

	<ThoughtDef>
		<defName>HAR_ButcheredAlien_Know_Disapproved_Opinion</defName>
		<thoughtClass>Thought_MemorySocial</thoughtClass>
		<durationDays>5</durationDays>
		<stackLimit>100</stackLimit>
		<stackLimitForSameOtherPawn>3</stackLimitForSameOtherPawn>
		<nullifyingTraits>
			<li>Psychopath</li>
			<li>Bloodlust</li>
			<li>Cannibal</li>
		</nullifyingTraits>
		<stages>
			<li>
				<label>butchered an alien</label>
				<baseOpinionOffset>-7</baseOpinionOffset>
			</li>
		</stages>
	</ThoughtDef>




	<!-- Acceptable -->

	<PreceptDef>
		<defName>HAR_EatingAliens_Acceptable</defName>
		<issue>HAR_EatingAliens</issue>
		<label>acceptable</label>
		<description>Meat from an alien species is no different from the meat of a muffalo.</description>
		<impact>Low</impact>
		<displayOrderInIssue>20</displayOrderInIssue>
		<displayOrderInImpact>100</displayOrderInImpact>
		<conflictingMemes>
			<li>HAR_Xenophilia</li>
		</conflictingMemes>
		<associatedMemes>
			<li>HAR_Xenophobia</li>      
		</associatedMemes>

	</PreceptDef>

	<!-- Preferred -->

	<PreceptDef>
		<defName>HAR_EatingAliens_Preferred</defName>
		<issue>HAR_EatingAliens</issue>
		<label>preferred</label>
		<description>Alien meat is chalk full of important nutrients and calorically dense, there is little reason not to gravitate towards it.</description>
		<impact>Medium</impact>
		<displayOrderInIssue>10</displayOrderInIssue>
		<displayOrderInImpact>100</displayOrderInImpact>
		<exclusionTags>
			<li>MeatEatingBadCannibalGood</li>
		</exclusionTags>
		<conflictingMemes>
			<li>HAR_Xenophilia</li>
		</conflictingMemes>
		<associatedMemes>
			<li>HAR_Xenophobia</li>      
		</associatedMemes>
		<comps>
			<!-- Ate alien meat -->
			<li Class="PreceptComp_SelfTookMemoryThought">
				<eventDef>HAR_AteAlienMeat</eventDef>
				<thought>HAR_AteAlienMeat_Preferred</thought>
			</li>

			<!-- Want alien meat -->
			<li Class="PreceptComp_SituationalThought">
				<thought>HAR_NoRecentAlienMeat_Preferred</thought>
				<description>No alien meat for several days</description>
			</li>
		</comps>
	</PreceptDef>

	<ThoughtDef>
		<defName>HAR_AteAlienMeat_Preferred</defName>
		<durationDays>1</durationDays>
		<stages>
			<li>
				<label>ate alien meat</label>
				<description>I ate alien meat. It makes me feel noble and strong.</description>
				<baseMoodEffect>2</baseMoodEffect>
			</li>
		</stages>
	</ThoughtDef>

	<ThoughtDef>
		<defName>HAR_NoRecentAlienMeat_Preferred</defName>
		<thoughtClass>Thought_Situational</thoughtClass>
		<workerClass>AlienRace.ThoughtWorker_Precept_NoRecentAlienMeat</workerClass>
		<stages>
			<li>
				<label>want alien meat</label>
				<description>It's been too long since I consumed any alien meat. It feels wrong.</description>
				<baseMoodEffect>-2</baseMoodEffect>
			</li>
		</stages>
	</ThoughtDef>



	<!-- Required -->

	<PreceptDef>
		<defName>HAR_EatingAliens_RequiredStrong</defName>
		<issue>HAR_EatingAliens</issue>
		<label>required</label>
		<description>Alien meat is preferable to the meat of any insentient creature, in fact, regular consumption should be encouraged.</description>
		<impact>High</impact>
		<displayOrderInIssue>0</displayOrderInIssue>
		<displayOrderInImpact>100</displayOrderInImpact>
		<requiredMemes>
			<li>Cannibal</li>
		</requiredMemes>
		<exclusionTags>
			<li>MeatEatingBadCannibalGood</li>
		</exclusionTags>
		<conflictingMemes>
			<li>HAR_Xenophilia</li>
		</conflictingMemes>
		<associatedMemes>
			<li>HAR_Xenophobia</li>      
		</associatedMemes>
		<comps>
			<!-- Ate non-alien meat -->
			<li Class="PreceptComp_SelfTookMemoryThought">
				<eventDef>HAR_AteNonAlienFood</eventDef>
				<thought>HAR_AteNonAlienFood_Horrible</thought>
			</li>
			<li Class="PreceptComp_KnowsMemoryThought">
				<eventDef>HAR_AteNonAlienFood</eventDef>
				<thought>HAR_AteNonAlienFood_Know_Horrible</thought>
			</li>

			<!-- Ate alien meat -->
			<li Class="PreceptComp_SelfTookMemoryThought">
				<eventDef>HAR_AteAlienMeat</eventDef>
				<thought>HAR_AteAlienMeat_RequiredStrong</thought>
			</li>

			<!-- Want alien meat -->
			<li Class="PreceptComp_SituationalThought">
				<thought>HAR_NoRecentAlienMeat_RequiredStrong</thought>
				<description>No alien meat for {HUMANMEATREQUIREDINTERVAL} days</description>
			</li>


		</comps>
	</PreceptDef>

	<ThoughtDef>
		<defName>HAR_AteNonAlienFood_Horrible</defName>
		<durationDays>1</durationDays>
		<stages>
			<li>
				<label>ate non-alien food</label>
				<description>I had to eat food that wasn't taken from a sapient alien. My beliefs strictly forbid such things.</description>
				<baseMoodEffect>-2</baseMoodEffect>
			</li>
		</stages>
	</ThoughtDef>

	<ThoughtDef>
		<defName>HAR_AteNonAlienFood_Know_Horrible</defName>
		<thoughtClass>Thought_MemorySocial</thoughtClass>
		<durationDays>5</durationDays>
		<stackLimit>100</stackLimit>
		<stackLimitForSameOtherPawn>3</stackLimitForSameOtherPawn>
		<stages>
			<li>
				<label>ate non-alien food</label>
				<baseOpinionOffset>-5</baseOpinionOffset>
			</li>
		</stages>
	</ThoughtDef>

	<ThoughtDef>
		<defName>HAR_AteAlienMeat_RequiredStrong</defName>
		<durationDays>1</durationDays>
		<stages>
			<li>
				<label>ate alien meat</label>
				<description>I ate alien meat, as every real person should.</description>
				<baseMoodEffect>4</baseMoodEffect>
			</li>
		</stages>
	</ThoughtDef>

	<ThoughtDef>
		<defName>HAR_NoRecentAlienMeat_RequiredStrong</defName>
		<thoughtClass>Thought_Situational</thoughtClass>
		<workerClass>AlienRace.ThoughtWorker_Precept_NoRecentAlienMeat</workerClass>
		<stages>
			<li>
				<label>want alien meat</label>
				<description>It's been far too long since I consumed alien flesh. I should have eaten by now.</description>
				<baseMoodEffect>-4</baseMoodEffect>
			</li>
		</stages>
	</ThoughtDef>



</Defs>
