<?xml version="1.0" encoding="utf-8" ?>
<Defs>

	<!-- Issues -->
	<IssueDef>
		<defName>HAR_AlienSlavery</defName>
		<label>alien slavery</label>
		<iconPath>AlienRace/UI/Issues/AlienSlaves</iconPath>
	</IssueDef>

	<HistoryEventDef>
		<defName>HAR_Alien_SoldSlave</defName>
		<label>sold slave</label>
	</HistoryEventDef>
	
	<HistoryEventDef>
		<defName>HAR_Alien_EnslavedPrisoner</defName>
		<label>enslaved prisoner</label>
	</HistoryEventDef>
	
	<HistoryEventDef>
		<defName>HAR_Alien_EnslavedPrisonerNotPreviouslyEnslaved</defName>
		<label>enslaved prisoner not previously enslaved</label>
	</HistoryEventDef>

	<!-- Precepts -->

	<!-- Abhorrent -->
	
	<PreceptDef>
		<defName>HAR_AlienSlavery_Abhorrent</defName>
		<issue>HAR_AlienSlavery</issue>
		<label>abhorrent</label>
		<description>Owning or trading alien beings is deeply evil.</description>
		<impact>Low</impact>
		<displayOrderInIssue>40</displayOrderInIssue>
		<displayOrderInImpact>1000</displayOrderInImpact>
		<defaultSelectionWeight>1</defaultSelectionWeight>
		<conflictingMemes>
			<li>HAR_Xenophobia</li>
		</conflictingMemes>
		<associatedMemes>
			<li>HAR_Xenophilia</li>      
		</associatedMemes>
		<comps>
			<li Class="PreceptComp_SituationalThought">
				<thought>HAR_Alien_Slavery_Abhorrent_SlavesInColony</thought>
				<description>Each alien slave in colony</description>
			</li>
			<li Class="PreceptComp_UnwillingToDo">
				<eventDef>HAR_Alien_SoldSlave</eventDef>
			</li>
			<li Class="PreceptComp_UnwillingToDo">
				<eventDef>HAR_Alien_EnslavedPrisoner</eventDef>
			</li>
			<li Class="PreceptComp_KnowsMemoryThought">
				<eventDef>HAR_Alien_SoldSlave</eventDef>
				<thought>HAR_Alien_SoldSlave_Know_Abhorrent</thought>
			</li>
			<li Class="PreceptComp_KnowsMemoryThought">
				<eventDef>HAR_Alien_EnslavedPrisoner</eventDef>
				<thought>HAR_Alien_EnslavedPrisoner_Know_Abhorrent</thought>
			</li>
			<li Class="PreceptComp_KnowsMemoryThought">
				<eventDef>HAR_Alien_SoldSlave</eventDef>
				<thought>HAR_Alien_SoldSlave_Know_Abhorrent_Mood</thought>
				<description>Someone sold an alien slave</description>
			</li>
		</comps>
	</PreceptDef>

	<ThoughtDef>
		<defName>HAR_Alien_Slavery_Abhorrent_SlavesInColony</defName>
		<workerClass>AlienRace.ThoughtWorker_Precept_SlavesInColony</workerClass>
		<stages>
			<li>
				<label>alien slaves in colony</label>
				<description>We're keeping alien slaves. It's barbaric.</description>
				<baseMoodEffect>-3</baseMoodEffect>
			</li>
		</stages>
	</ThoughtDef>

	<ThoughtDef>
		<defName>HAR_Alien_SoldSlave_Know_Abhorrent</defName>
		<thoughtClass>Thought_MemorySocial</thoughtClass>
		<durationDays>15</durationDays>
		<stackLimit>100</stackLimit>
		<stackLimitForSameOtherPawn>3</stackLimitForSameOtherPawn>
		<stages>
			<li>
				<label>sold alien slave</label>
				<baseOpinionOffset>-30</baseOpinionOffset>
			</li>
		</stages>
	</ThoughtDef>

	<ThoughtDef>
		<defName>HAR_Alien_SoldSlave_Know_Abhorrent_Mood</defName>
		<thoughtClass>Thought_Memory</thoughtClass>
		<durationDays>6</durationDays>
		<stackLimit>5</stackLimit>
		<stackedEffectMultiplier>0.75</stackedEffectMultiplier>
		<stages>
			<li>
				<label>alien slave sold</label>
				<description>We sold an alien into slavery. It was an abhorrent, barbaric act.</description>
				<baseMoodEffect>-10</baseMoodEffect>
			</li>
		</stages>
	</ThoughtDef>

	<ThoughtDef>
		<defName>HAR_Alien_EnslavedPrisoner_Know_Abhorrent</defName>
		<thoughtClass>Thought_MemorySocial</thoughtClass>
		<durationDays>15</durationDays>
		<stackLimit>100</stackLimit>
		<stackLimitForSameOtherPawn>3</stackLimitForSameOtherPawn>
		<stages>
			<li>
				<label>enslaved alien prisoner</label>
				<baseOpinionOffset>-30</baseOpinionOffset>
			</li>
		</stages>
	</ThoughtDef>


	<!-- Horrible -->
	
	<PreceptDef>
		<defName>HAR_AlienSlavery_Horrible</defName>
		<issue>HAR_AlienSlavery</issue>
		<label>horrible</label>
		<description>Owning or trading alien beings is a horrible thing.</description>
		<impact>Low</impact>
		<displayOrderInIssue>30</displayOrderInIssue>
		<displayOrderInImpact>1000</displayOrderInImpact>
		<defaultSelectionWeight>1</defaultSelectionWeight>
		<conflictingMemes>
			<li>HAR_Xenophobia</li>
		</conflictingMemes>
		<associatedMemes>
			<li>HAR_Xenophilia</li>      
		</associatedMemes>
		<comps>
			<li Class="PreceptComp_SituationalThought">
				<thought>HAR_Alien_Slavery_Horrible_SlavesInColony</thought>
				<description>Each alien slave in colony</description>
			</li>
			<li Class="PreceptComp_SelfTookMemoryThought">
				<eventDef>HAR_Alien_SoldSlave</eventDef>
				<thought>HAR_Alien_SoldSlave_Horrible</thought>
			</li>
			<li Class="PreceptComp_SelfTookMemoryThought">
				<eventDef>HAR_Alien_EnslavedPrisoner</eventDef>
				<thought>HAR_Alien_EnslavedPrisoner_Horrible</thought>
			</li>
			<li Class="PreceptComp_KnowsMemoryThought">
				<eventDef>HAR_Alien_SoldSlave</eventDef>
				<thought>HAR_Alien_SoldSlave_Know_Horrible</thought>
			</li>
			<li Class="PreceptComp_KnowsMemoryThought">
				<eventDef>HAR_Alien_EnslavedPrisoner</eventDef>
				<thought>HAR_Alien_EnslavedPrisoner_Know_Horrible</thought>
			</li>
			<li Class="PreceptComp_KnowsMemoryThought">
				<eventDef>HAR_Alien_SoldSlave</eventDef>
				<thought>HAR_Alien_SoldSlave_Know_Horrible_Mood</thought>
				<description>Someone sold an alien slave</description>
			</li>
			<li Class="PreceptComp_KnowsMemoryThought">
				<eventDef>HAR_Alien_EnslavedPrisoner</eventDef>
				<thought>HAR_Alien_EnslavedPrisoner_Know_Horrible_Mood</thought>
				<description>Someone enslaved an alien prisoner</description>
			</li>
		</comps>
	</PreceptDef>

	<ThoughtDef>
		<defName>HAR_Alien_Slavery_Horrible_SlavesInColony</defName>
		<workerClass>AlienRace.ThoughtWorker_Precept_SlavesInColony</workerClass>
		<stages>
			<li>
				<label>alien slaves in colony</label>
				<description>We're keeping alien slaves. It's wrong.</description>
				<baseMoodEffect>-2</baseMoodEffect>
			</li>
		</stages>
	</ThoughtDef>

	<ThoughtDef>
		<defName>HAR_Alien_SoldSlave_Horrible</defName>
		<durationDays>6</durationDays>
		<stackLimit>1</stackLimit>
		<stages>
			<li>
				<label>sold alien slave</label>
				<description>I sold an alien into slavery. I'm not sure I can forgive myself.</description>
				<baseMoodEffect>-10</baseMoodEffect>
			</li>
		</stages>
	</ThoughtDef>

	<ThoughtDef>
		<defName>HAR_Alien_EnslavedPrisoner_Horrible</defName>
		<durationDays>6</durationDays>
		<stackLimit>1</stackLimit>
		<stages>
			<li>
				<label>enslaved alien prisoner</label>
				<description>I forced an alien into slavery. How can I justify that?</description>
				<baseMoodEffect>-10</baseMoodEffect>
			</li>
		</stages>
	</ThoughtDef>

	<ThoughtDef>
		<defName>HAR_Alien_SoldSlave_Know_Horrible</defName>
		<thoughtClass>Thought_MemorySocial</thoughtClass>
		<durationDays>15</durationDays>
		<stackLimit>100</stackLimit>
		<stackLimitForSameOtherPawn>3</stackLimitForSameOtherPawn>
		<stages>
			<li>
				<label>sold alien slave</label>
				<baseOpinionOffset>-20</baseOpinionOffset>
			</li>
		</stages>
	</ThoughtDef>

	<ThoughtDef>
		<defName>HAR_Alien_SoldSlave_Know_Horrible_Mood</defName>
		<thoughtClass>Thought_Memory</thoughtClass>
		<durationDays>6</durationDays>
		<stackLimit>5</stackLimit>
		<stackedEffectMultiplier>0.75</stackedEffectMultiplier>
		<stages>
			<li>
				<label>alien slave sold</label>
				<description>We sold an alien into slavery. What a horrible thing to do.</description>
				<baseMoodEffect>-3</baseMoodEffect>
			</li>
		</stages>
	</ThoughtDef>

	<ThoughtDef>
		<defName>HAR_Alien_EnslavedPrisoner_Know_Horrible</defName>
		<thoughtClass>Thought_MemorySocial</thoughtClass>
		<durationDays>15</durationDays>
		<stackLimit>100</stackLimit>
		<stackLimitForSameOtherPawn>3</stackLimitForSameOtherPawn>
		<stages>
			<li>
				<label>enslaved alien prisoner</label>
				<baseOpinionOffset>-20</baseOpinionOffset>
			</li>
		</stages>
	</ThoughtDef>

	<ThoughtDef>
		<defName>HAR_Alien_EnslavedPrisoner_Know_Horrible_Mood</defName>
		<thoughtClass>Thought_Memory</thoughtClass>
		<durationDays>6</durationDays>
		<stackLimit>5</stackLimit>
		<stackedEffectMultiplier>0.75</stackedEffectMultiplier>
		<stages>
			<li>
				<label>alien prisoner enslaved</label>
				<description>We enslaved an alien. What a horrible thing to do to another sapient being.</description>
				<baseMoodEffect>-3</baseMoodEffect>
			</li>
		</stages>
	</ThoughtDef>

	<!-- Disapproved -->
	
	<PreceptDef>
		<defName>HAR_AlienSlavery_Disapproved</defName>
		<issue>HAR_AlienSlavery</issue>
		<label>disapproved</label>
		<description>Alien slavery is part of life, though it is extremely distasteful.</description>
		<impact>Low</impact>
		<displayOrderInIssue>20</displayOrderInIssue>
		<displayOrderInImpact>1000</displayOrderInImpact>
		<defaultSelectionWeight>1</defaultSelectionWeight>
		<conflictingMemes>
			<li>HAR_Xenophobia</li>
		</conflictingMemes>
		<associatedMemes>
			<li>HAR_Xenophilia</li>      
		</associatedMemes>
		<comps>
			<li Class="PreceptComp_SituationalThought">
				<thought>HAR_Alien_Slavery_Disapproved_SlavesInColony</thought>
				<description>Each alien slave in colony</description>
			</li>
			<li Class="PreceptComp_SelfTookMemoryThought">
				<eventDef>HAR_Alien_SoldSlave</eventDef>
				<thought>HAR_Alien_SoldSlave_Disapproved</thought>
			</li>
			<li Class="PreceptComp_SelfTookMemoryThought">
				<eventDef>HAR_Alien_EnslavedPrisoner</eventDef>
				<thought>HAR_Alien_EnslavedPrisoner_Disapproved</thought>
			</li>
			<li Class="PreceptComp_KnowsMemoryThought">
				<eventDef>HAR_Alien_SoldSlave</eventDef>
				<thought>HAR_Alien_SoldSlave_Know_Disapproved</thought>
			</li>
			<li Class="PreceptComp_KnowsMemoryThought">
				<eventDef>HAR_Alien_EnslavedPrisoner</eventDef>
				<thought>HAR_Alien_EnslavedPrisoner_Know_Disapproved</thought>
			</li>
			<li Class="PreceptComp_KnowsMemoryThought">
				<eventDef>HAR_Alien_SoldSlave</eventDef>
				<thought>HAR_Alien_SoldSlave_Know_Disapproved_Mood</thought>
				<description>Someone sold an alien slave</description>
			</li>
			<li Class="PreceptComp_KnowsMemoryThought">
				<eventDef>HAR_Alien_EnslavedPrisoner</eventDef>
				<thought>HAR_Alien_EnslavedPrisoner_Know_Disapproved_Mood</thought>
				<description>Someone enslaved an alien prisoner</description>
			</li>
		</comps>
	</PreceptDef>

	<ThoughtDef>
		<defName>HAR_Alien_Slavery_Disapproved_SlavesInColony</defName>
		<workerClass>AlienRace.ThoughtWorker_Precept_SlavesInColony</workerClass>
		<stages>
			<li>
				<label>alien slaves in colony</label>
				<description>We're keeping alien slaves. Even if it's necessary, it's distasteful and I wish we wouldn't.</description>
				<baseMoodEffect>-1</baseMoodEffect>
			</li>
		</stages>
	</ThoughtDef>

	<ThoughtDef>
		<defName>HAR_Alien_SoldSlave_Disapproved</defName>
		<durationDays>6</durationDays>
		<stackLimit>1</stackLimit>
		<stages>
			<li>
				<label>sold alien slave</label>
				<description>I sold an alien into slavery. I hope nothing terrible happens to them.</description>
				<baseMoodEffect>-5</baseMoodEffect>
			</li>
		</stages>
	</ThoughtDef>

	<ThoughtDef>
		<defName>HAR_Alien_EnslavedPrisoner_Disapproved</defName>
		<durationDays>6</durationDays>
		<stackLimit>1</stackLimit>
		<stages>
			<li>
				<label>enslaved alien prisoner</label>
				<description>I enslaved an alien. It's hard to justify such actions.</description>
				<baseMoodEffect>-5</baseMoodEffect>
			</li>
		</stages>
	</ThoughtDef>

	<ThoughtDef>
		<defName>HAR_Alien_SoldSlave_Know_Disapproved</defName>
		<thoughtClass>Thought_MemorySocial</thoughtClass>
		<durationDays>15</durationDays>
		<stackLimit>100</stackLimit>
		<stackLimitForSameOtherPawn>3</stackLimitForSameOtherPawn>
		<stages>
			<li>
				<label>sold alien slave</label>
				<baseOpinionOffset>-10</baseOpinionOffset>
			</li>
		</stages>
	</ThoughtDef>

	<ThoughtDef>
		<defName>HAR_Alien_SoldSlave_Know_Disapproved_Mood</defName>
		<thoughtClass>Thought_Memory</thoughtClass>
		<durationDays>6</durationDays>
		<stackLimit>5</stackLimit>
		<stackedEffectMultiplier>0.75</stackedEffectMultiplier>
		<stages>
			<li>
				<label>alien slave sold</label>
				<description>We sold an alien into slavery. We shouldn't have done that.</description>
				<baseMoodEffect>-2</baseMoodEffect>
			</li>
		</stages>
	</ThoughtDef>

	<ThoughtDef>
		<defName>HAR_Alien_EnslavedPrisoner_Know_Disapproved</defName>
		<thoughtClass>Thought_MemorySocial</thoughtClass>
		<durationDays>15</durationDays>
		<stackLimit>100</stackLimit>
		<stackLimitForSameOtherPawn>3</stackLimitForSameOtherPawn>
		<stages>
			<li>
				<label>enslaved alien prisoner</label>
				<baseOpinionOffset>-10</baseOpinionOffset>
			</li>
		</stages>
	</ThoughtDef>

	<ThoughtDef>
		<defName>HAR_Alien_EnslavedPrisoner_Know_Disapproved_Mood</defName>
		<thoughtClass>Thought_Memory</thoughtClass>
		<durationDays>6</durationDays>
		<stackLimit>5</stackLimit>
		<stackedEffectMultiplier>0.75</stackedEffectMultiplier>
		<stages>
			<li>
				<label>alien prisoner enslaved</label>
				<description>We enslaved an alien. We shouldn't have done that.</description>
				<baseMoodEffect>-2</baseMoodEffect>
			</li>
		</stages>
	</ThoughtDef>

	<!-- Acceptable -->

	<PreceptDef>
		<defName>HAR_AlienSlavery_Acceptable</defName>
		<issue>HAR_AlienSlavery</issue>
		<label>acceptable</label>
		<description>Slavery of alien races is a normal, unremarkable part of life.</description>
		<impact>Low</impact>
		<displayOrderInIssue>10</displayOrderInIssue>
		<defaultSelectionWeight>1</defaultSelectionWeight>
		<approvesOfSlavery>true</approvesOfSlavery>
	</PreceptDef>
	
	<!-- Honorable -->
		
	<PreceptDef>
		<defName>HAR_AlienSlavery_Honorable</defName>
		<issue>HAR_AlienSlavery</issue>
		<label>honorable</label>
		<description>One who owns and trades alien slaves should be honored and respected.</description>
		<impact>High</impact>
		<displayOrderInIssue>0</displayOrderInIssue>
		<displayOrderInImpact>1000</displayOrderInImpact>
		<conflictingMemes>
			<li>HAR_Xenophilia</li>
		</conflictingMemes>
		<associatedMemes>
			<li>HAR_Xenophobia</li>      
		</associatedMemes>
		<comps>
			<li Class="PreceptComp_SituationalThought">
				<thought>HAR_Alien_Slavery_Honorable_SlavesInColony</thought>
				<description>Each alien slave in colony</description>
			</li>
			<li Class="PreceptComp_SituationalThought">
				<thought>HAR_Alien_Slavery_Honorable_NoSlavesInColony</thought>
			</li>
			<li Class="PreceptComp_SelfTookMemoryThought">
				<eventDef>HAR_Alien_SoldSlave</eventDef>
				<thought>HAR_Alien_SoldSlave_Honorable</thought>
				<onlyForNonSlaves>true</onlyForNonSlaves>
			</li>
			<li Class="PreceptComp_SelfTookMemoryThought">
				<eventDef>HAR_Alien_EnslavedPrisonerNotPreviouslyEnslaved</eventDef>
				<thought>HAR_Alien_EnslavedPrisoner_Honorable</thought>
				<onlyForNonSlaves>true</onlyForNonSlaves>
			</li>
			<li Class="PreceptComp_KnowsMemoryThought">
				<eventDef>HAR_Alien_SoldSlave</eventDef>
				<thought>HAR_Alien_SoldSlave_Know_Honorable</thought>
				<onlyForNonSlaves>true</onlyForNonSlaves>
			</li>
			<li Class="PreceptComp_KnowsMemoryThought">
				<eventDef>HAR_Alien_EnslavedPrisonerNotPreviouslyEnslaved</eventDef>
				<thought>HAR_Alien_EnslavedPrisoner_Know_Honorable</thought>
				<onlyForNonSlaves>true</onlyForNonSlaves>
			</li>
			<li Class="PreceptComp_KnowsMemoryThought">
				<eventDef>HAR_Alien_SoldSlave</eventDef>
				<thought>HAR_Alien_SoldSlave_Know_Honorable_Mood</thought>
				<description>Someone sold an alien slave</description>
				<onlyForNonSlaves>true</onlyForNonSlaves>
			</li>
			<li Class="PreceptComp_KnowsMemoryThought">
				<eventDef>HAR_Alien_EnslavedPrisonerNotPreviouslyEnslaved</eventDef>
				<thought>HAR_Alien_EnslavedPrisoner_Know_Honorable_Mood</thought>
				<description>Someone enslaved an alien prisoner</description>
				<onlyForNonSlaves>true</onlyForNonSlaves>
			</li>
		</comps>
		<approvesOfSlavery>true</approvesOfSlavery>
	</PreceptDef>

	<ThoughtDef>
		<defName>HAR_Alien_Slavery_Honorable_SlavesInColony</defName>
		<workerClass>AlienRace.ThoughtWorker_Precept_SlavesInColony</workerClass>
		<stages>
			<li>
				<label>alien slaves in colony</label>
				<description>We've got alien slaves. It means we're on the right path.</description>
				<baseMoodEffect>1</baseMoodEffect>
			</li>
		</stages>
	</ThoughtDef>

	<ThoughtDef>
		<defName>HAR_Alien_Slavery_Honorable_NoSlavesInColony</defName>
		<workerClass>AlienRace.ThoughtWorker_Precept_Slavery_NoSlavesInColony</workerClass>
		<stages>
			<li>
				<label>no alien slaves in colony</label>
				<description>Without alien slaves, nobody will respect us.</description>
				<baseMoodEffect>-2</baseMoodEffect>
			</li>
		</stages>
	</ThoughtDef>

	<ThoughtDef>
		<defName>HAR_Alien_SoldSlave_Honorable</defName>
		<durationDays>6</durationDays>
		<stackLimit>1</stackLimit>
		<stages>
			<li>
				<label>sold alien slave</label>
				<description>I sold an alien into slavery. It'll make people notice my stature.</description>
				<baseMoodEffect>4</baseMoodEffect>
			</li>
		</stages>
	</ThoughtDef>

	<ThoughtDef>
		<defName>HAR_Alien_EnslavedPrisoner_Honorable</defName>
		<durationDays>6</durationDays>
		<stackLimit>1</stackLimit>
		<stages>
			<li>
				<label>enslaved alien prisoner</label>
				<description>I took an alien into slavery. With no choice, they had to submit to me.</description>
				<baseMoodEffect>4</baseMoodEffect>
			</li>
		</stages>
	</ThoughtDef>

	<ThoughtDef>
		<defName>HAR_Alien_SoldSlave_Know_Honorable</defName>
		<thoughtClass>Thought_MemorySocial</thoughtClass>
		<durationDays>25</durationDays>
		<stackLimit>100</stackLimit>
		<stackLimitForSameOtherPawn>3</stackLimitForSameOtherPawn>
		<stages>
			<li>
				<label>sold alien slave</label>
				<baseOpinionOffset>10</baseOpinionOffset>
			</li>
		</stages>
	</ThoughtDef>

	<ThoughtDef>
		<defName>HAR_Alien_SoldSlave_Know_Honorable_Mood</defName>
		<thoughtClass>Thought_Memory</thoughtClass>
		<durationDays>6</durationDays>
		<stackLimit>5</stackLimit>
		<stackedEffectMultiplier>0.75</stackedEffectMultiplier>
		<stages>
			<li>
				<label>alien slave sold</label>
				<description>We sold an alien into slavery! A great display of our honor and power.</description>
				<baseMoodEffect>2</baseMoodEffect>
			</li>
		</stages>
	</ThoughtDef>

	<ThoughtDef>
		<defName>HAR_Alien_EnslavedPrisoner_Know_Honorable</defName>
		<thoughtClass>Thought_MemorySocial</thoughtClass>
		<durationDays>15</durationDays>
		<stackLimit>100</stackLimit>
		<stackLimitForSameOtherPawn>3</stackLimitForSameOtherPawn>
		<stages>
			<li>
				<label>enslaved alien prisoner</label>
				<baseOpinionOffset>10</baseOpinionOffset>
			</li>
		</stages>
	</ThoughtDef>

	<ThoughtDef>
		<defName>HAR_Alien_EnslavedPrisoner_Know_Honorable_Mood</defName>
		<thoughtClass>Thought_Memory</thoughtClass>
		<durationDays>6</durationDays>
		<stackLimit>5</stackLimit>
		<stackedEffectMultiplier>0.75</stackedEffectMultiplier>
		<stages>
			<li>
				<label>alien prisoner enslaved</label>
				<description>We enslaved an alien. Now they know our honor and power!</description>
				<baseMoodEffect>2</baseMoodEffect>
			</li>
		</stages>
	</ThoughtDef>


	




	
	
	
	

</Defs>