<?xml version="1.0" encoding="utf-8" ?>
<Defs>

	<!-- Issue -->

	<IssueDef>
		<defName>HAR_AlienRaces</defName>
		<label>alien races</label>
		<iconPath>AlienRace/UI/Issues/AlienRaces</iconPath>
	</IssueDef>
	


	<!-- Precepts -->

	<!-- Abhorrent -->

	<PreceptDef>
		<defName>HAR_AlienRaces_Abhorrent</defName>
		<issue>HAR_AlienRaces</issue>
		<label>abhorrent</label>
		<description>Xenos shouldn’t even think of trying to make friends with our kind. They wish for nothing but our demise and we won’t tolerate being around them.</description>
		<impact>Medium</impact>
		<displayOrderInIssue>60</displayOrderInIssue>
		<conflictingMemes>
			<li>HAR_Xenophilia</li>
		</conflictingMemes>
		<associatedMemes>
			<li>HAR_Xenophobia</li>      
		</associatedMemes>
		<comps>
			<li Class="PreceptComp_SituationalThought">
				<thought>HAR_AlienRaces_Abhorrent</thought>
			</li>
			<li Class="PreceptComp_SituationalThought">
				<thought>HAR_AlienRaces_Abhorrent_Social</thought>
			</li>


		</comps>
	</PreceptDef> 

	<ThoughtDef>
		<defName>HAR_AlienRaces_Abhorrent</defName>
		<workerClass>AlienRace.ThoughtWorker_Precept_AlienRaces</workerClass>
		<thoughtClass>Thought_Situational</thoughtClass>
		<stages>
			<li>
				<label>disgusting aliens!</label>
				<description>Other races are absolutely repulsive and I can’t stand them!</description>
				<baseMoodEffect>-5</baseMoodEffect>
			</li>    
		</stages>
	</ThoughtDef>

	<ThoughtDef>
		<defName>HAR_AlienRaces_Abhorrent_Social</defName>
		<thoughtClass>Thought_SituationalSocial</thoughtClass>
		<workerClass>AlienRace.ThoughtWorker_Precept_AlienRaces_Social</workerClass>
		<stages>
			<li>
				<label>disgusting alien!</label>
				<baseOpinionOffset>-20</baseOpinionOffset>
			</li>
		</stages>
	</ThoughtDef>

	<!-- Horrible -->

	<PreceptDef>
		<defName>HAR_AlienRaces_Horrible</defName>
		<issue>HAR_AlienRaces</issue>
		<label>disliked</label>
		<description>Xenos are different from us - too different. We need to be watchful and keep them at arm's length.</description>
		<impact>Low</impact>
		<displayOrderInIssue>50</displayOrderInIssue>
		<conflictingMemes>
			<li>HAR_Xenophilia</li>
		</conflictingMemes>
		<associatedMemes>
			<li>HAR_Xenophobia</li>      
		</associatedMemes>
		<comps>      
			<li Class="PreceptComp_SituationalThought">
				<thought>HAR_AlienRaces_Horrible_Social</thought>
			</li>   
		</comps>
	</PreceptDef>  

	<ThoughtDef>
		<defName>HAR_AlienRaces_Horrible_Social</defName>
		<thoughtClass>Thought_SituationalSocial</thoughtClass>
		<workerClass>AlienRace.ThoughtWorker_Precept_AlienRaces_Social</workerClass>
		<stages>
			<li>
				<label>distrust for xenos</label>
				<baseOpinionOffset>-15</baseOpinionOffset>
			</li>
		</stages>
	</ThoughtDef>


	<!-- Standard -->

	<PreceptDef>
		<defName>HAR_AlienRaces_Standard</defName>
		<issue>HAR_AlienRaces</issue>
		<label>neutral</label>
		<description>Xenos from beyond should be seen as no lesser or greater than us.</description>
		<impact>Low</impact>
		<displayOrderInIssue>30</displayOrderInIssue>
		<defaultSelectionWeight>1</defaultSelectionWeight>

	</PreceptDef>

	<!-- Respected -->

	<PreceptDef>
		<defName>HAR_AlienRaces_Respected</defName>
		<issue>HAR_AlienRaces</issue>
		<label>respected</label>
		<description>Xenos from beyond our home world deserve our admiration.</description>
		<impact>Low</impact>
		<displayOrderInIssue>10</displayOrderInIssue>     
		<conflictingMemes>
			<li>HAR_Xenophobia</li>
		</conflictingMemes>
		<associatedMemes>
			<li>HAR_Xenophilia</li>      
		</associatedMemes>
		<comps>     
			<li Class="PreceptComp_SituationalThought">
				<thought>HAR_AlienRaces_Respected_Social</thought>
			</li>   
		</comps>
	</PreceptDef>

	<ThoughtDef>
		<defName>HAR_AlienRaces_Respected_Social</defName>
		<thoughtClass>Thought_SituationalSocial</thoughtClass>
		<workerClass>AlienRace.ThoughtWorker_Precept_AlienRaces_Social</workerClass>
		<stages>
			<li>
				<label>respect for xenos</label>
				<baseOpinionOffset>15</baseOpinionOffset>
			</li>
		</stages>
	</ThoughtDef>

	<!-- Exalted -->
	
	<PreceptDef>
		<defName>HAR_AlienRaces_Exalted</defName>
		<issue>HAR_AlienRaces</issue>
		<label>exalted</label>
		<description>Xenos from beyond our solar system are incredible, and we’re blessed to serve the role as their cordial hosts.</description>
		<impact>Medium</impact>
		<displayOrderInIssue>0</displayOrderInIssue>

		<conflictingMemes>
			<li>HAR_Xenophobia</li>
		</conflictingMemes>
		<associatedMemes>
			<li>HAR_Xenophilia</li>      
		</associatedMemes>
		<comps>
			<li Class="PreceptComp_SituationalThought">
				<thought>HAR_AlienRaces_Exalted</thought>
			</li>
			<li Class="PreceptComp_SituationalThought">
				<thought>HAR_AlienRaces_Exalted_Social</thought>
			</li>

		</comps>
	</PreceptDef>

	<ThoughtDef>
		<defName>HAR_AlienRaces_Exalted</defName>
		<workerClass>AlienRace.ThoughtWorker_Precept_AlienRaces</workerClass>
		<thoughtClass>Thought_Situational</thoughtClass>
		<stages>
			<li>
				<label>amazing aliens!</label>
				<description>I can’t believe I’m in the company of other races!</description>
				<baseMoodEffect>5</baseMoodEffect>
			</li>

		</stages>
	</ThoughtDef>

	<ThoughtDef>
		<defName>HAR_AlienRaces_Exalted_Social</defName>
		<thoughtClass>Thought_SituationalSocial</thoughtClass>
		<workerClass>AlienRace.ThoughtWorker_Precept_AlienRaces_Social</workerClass>
		<stages>
			<li>
				<label>amazing alien!</label>
				<baseOpinionOffset>20</baseOpinionOffset>
			</li>
		</stages>
	</ThoughtDef>


</Defs>
