<?xml version="1.0" encoding="utf-8" ?>
<Defs>

	<!-- Issues -->
	<IssueDef>
		<defName>HAR_AlienDating</defName>
		<label>dating aliens</label>
		<iconPath>AlienRace/UI/Issues/DatingAliens</iconPath>
	</IssueDef>
	
	<HistoryEventDef>
		<defName>HAR_AlienDating_BeginRomance</defName>
		<label>begin romance with alien</label>
	</HistoryEventDef>
	
	<HistoryEventDef>
		<defName>HAR_AlienDating_SharedBed</defName>
		<label>share bed with alien</label>
	</HistoryEventDef>
	
	<HistoryEventDef>
		<defName>HAR_AlienDating_Dating</defName>
		<label>in a relationship with alien</label>
	</HistoryEventDef>

	<!-- Forbidden -->

	<PreceptDef>
		<defName>HAR_AlienDating_Prohibited</defName>
		<issue>HAR_AlienDating</issue>
		<label>forbidden</label>
		<description>Romancing aliens is absolutely off the table, and the thought of copulation with one is disgusting to the point of downright disgust.</description>
		<impact>Low</impact>
		<displayOrderInIssue>60</displayOrderInIssue>
		<conflictingMemes>
			<li>HAR_Xenophilia</li>
		</conflictingMemes>
		<associatedMemes>
			<li>HAR_Xenophobia</li>      
		</associatedMemes>
		<comps>
			<li Class="PreceptComp_UnwillingToDo">
				<eventDef>HAR_AlienDating_BeginRomance</eventDef>
			</li>
			
			
		</comps>
	</PreceptDef>


	<!-- Horrible -->

	<PreceptDef>
		<defName>HAR_AlienDating_Horrible</defName>
		<issue>HAR_AlienDating</issue>
		<label>horrible</label>
		<description>The idea of mating with an alien is nothing short of ridiculous and there are plenty of reasons to not even entertain the idea.</description>
		<impact>Low</impact>
		<displayOrderInIssue>50</displayOrderInIssue>
		<conflictingMemes>
			<li>HAR_Xenophilia</li>
		</conflictingMemes>
		<associatedMemes>
			<li>HAR_Xenophobia</li>      
		</associatedMemes>
		<comps>
			<li Class="PreceptComp_UnwillingToDo">
				<eventDef>HAR_AlienDating_SharedBed</eventDef>
			</li>
			<li Class="PreceptComp_SelfTookMemoryThought">
				<eventDef>HAR_AlienDating_Dating</eventDef>
				<thought>HAR_AlienDating_Horrible</thought>
				<description>Dating an alien</description>
			</li>
			<li Class="PreceptComp_KnowsMemoryThought">
				<eventDef>HAR_AlienDating_Dating</eventDef>
				<thought>HAR_AlienDating_Know_Horrible</thought>
			</li>
			
		</comps>
	</PreceptDef>

	<ThoughtDef>
		<defName>HAR_AlienDating_Horrible</defName>
		<durationDays>1</durationDays>
		<stages>
			<li>
				<label>dated an alien</label>
				<description>How could I bring myself to date an alien? I feel disgusted with myself.</description>
				<baseMoodEffect>-15</baseMoodEffect>
			</li>
		</stages>
	</ThoughtDef>

	<ThoughtDef>
		<defName>HAR_AlienDating_Know_Horrible</defName>
		<thoughtClass>Thought_MemorySocial</thoughtClass>
		<durationDays>5</durationDays>
		<stackLimit>100</stackLimit>
		<stackLimitForSameOtherPawn>3</stackLimitForSameOtherPawn>
		<stages>
			<li>
				<label>dated an alien</label>
				<baseOpinionOffset>-30</baseOpinionOffset>
			</li>
		</stages>
	</ThoughtDef>
	
	<!-- Acceptable -->
	
	<PreceptDef>
		<defName>HAR_AlienDating_Acceptable</defName>
		<issue>HAR_AlienDating</issue>
		<label>acceptable</label>
		<description>If an alien and oneself mesh well why would romance be out of the question?</description>
		<impact>Low</impact>
		<displayOrderInIssue>0</displayOrderInIssue>
		
		
	</PreceptDef>
	
	<!-- Preferred -->
	
	<PreceptDef>
		<defName>HAR_AlienDating_Preferred</defName>
		<issue>HAR_AlienDating</issue>
		<label>preferred</label>
		<description>Romance with aliens can be an exciting change of pace and should be encouraged.</description>
		<impact>Low</impact>
		<displayOrderInIssue>10</displayOrderInIssue>
		<conflictingMemes>
			<li>HAR_Xenophobia</li>
		</conflictingMemes>
		<associatedMemes>
			<li>HAR_Xenophilia</li>      
		</associatedMemes>
		
	</PreceptDef>
	
	<!-- Honorable -->
	
	<PreceptDef>
		<defName>HAR_AlienDating_Honorable</defName>
		<issue>HAR_AlienDating</issue>
		<label>honorable</label>
		<description>To take an alien's hand in love and dedication is both exhilarating and exotic and those who choose to do so should be respected for their open-mindedness.</description>
		<impact>Low</impact>
		<displayOrderInIssue>20</displayOrderInIssue>
		<conflictingMemes>
			<li>HAR_Xenophobia</li>
		</conflictingMemes>
		<associatedMemes>
			<li>HAR_Xenophilia</li>      
		</associatedMemes>
		<comps>
			
			<li Class="PreceptComp_KnowsMemoryThought">
				<eventDef>HAR_AlienDating_Dating</eventDef>
				<thought>HAR_AlienDating_Know_Honorable</thought>
			</li>
		</comps>
	</PreceptDef>
	
	<ThoughtDef>
		<defName>HAR_AlienDating_Know_Honorable</defName>
		<thoughtClass>Thought_MemorySocial</thoughtClass>
		<durationDays>5</durationDays>
		<stackLimit>100</stackLimit>
		<stackLimitForSameOtherPawn>3</stackLimitForSameOtherPawn>
		<stages>
			<li>
				<label>dated an alien</label>
				<baseOpinionOffset>10</baseOpinionOffset>
			</li>
		</stages>
	</ThoughtDef>
	
	


</Defs>
