<?xml version="1.0" encoding="utf-8" ?>
<Defs>
	<MemeGroupDef>
		<defName>HAR_XenoDisposition</defName>
		<drawOffset>(0.65, 0.23)</drawOffset>
		<maxRows>1</maxRows>
		<renderOrder>2000</renderOrder>
	</MemeGroupDef>
	<MemeDef>
		<defName>HAR_Xenophilia</defName>
		<label>xenophilia</label>
		<exclusionTags>
			<li>HAR_XenoDisposition</li>
		</exclusionTags>
		<description>Relations with aliens are to be encouraged and embraced, to be fearful or hostile towards them only proves one's simplemindedness.</description>
		<iconPath>AlienRace/UI/Memes/Xenophilia</iconPath>
		<groupDef>HAR_XenoDisposition</groupDef>
		<impact>1</impact>
		<generalRules>
			<rulesStrings>
				<li>memeAdjective->universal</li>
				<li>memeAdjective->open minded</li>		
				<li>memeAdjective->accepting</li>	
				<li>memeAdjective->alien loving</li>	
				<li>memeLeaderAdjective->concordant</li>					
				<li>memeConcept->openness</li>
				<li>memeConcept->receptiveness</li>

			</rulesStrings>
		</generalRules>
		<requireOne>
			<li>
				<li>HAR_AlienRaces_Respected</li>
				<li>HAR_AlienRaces_Exalted</li>

			</li>
			<li>
				<li>HAR_AlienSlavery_Abhorrent</li>
				<li>HAR_AlienSlavery_Horrible</li>

			</li>
			<li>
				<li>HAR_AlienDating_Preferred</li>
				<li>HAR_AlienDating_Honorable</li>

			</li>
			<li>
				<li>HAR_EatingAliens_Abhorrent</li>
				
			</li>

		</requireOne>
		<descriptionMaker>
			<rules>
				<rulesStrings>
					<!-- theist myth -->
					<li>creation(tag=meme_Xenophilia)        ->[deity0_name] created a multitude of races, all a different manifestation of [deity0_possessive] perfect image.</li>
					<li>episode(uses=1,tag=meme_Xenophilia)  ->Our biogists catalogued and archived the multitude of [deity0_name]'s creations, which pleased [deity0_objective].</li>
					<!-- theist founder -->
					<li>intro(tag=meme_Xenophilia)           ->On the [place_summary] [place_name], the [memberNamePlural] found the words of [deity0_name], a veritable display of open-mindedness.</li>
					<li>conflict(tag=meme_Xenophilia)        ->A xenophobic [foeLeader] despised the acceptance of the [memberNamePlural] community, and [foeLeader_possessive] [foeSoldiers] destroyed their halls with [place_personalWeapon]s.</li>
					<li>founderJoin(tag=meme_Xenophilia)     ->A cunning [place_job] named [founderName] asked for help from members of other races to warn the [memberNamePlural] of the approach of the [foeSoldiers].</li>
					<li>victory(tag=meme_Xenophilia)         ->[founderName] spread a message of acceptance and love as divinely ordered by [deity0_name], and used it to unite all the races of the [memberNamePlural] so they could defeat the [foeSoldiers].</li>
					<!-- ideological founder -->
					<li>setup(tag=meme_Xenophilia)           ->[founderName] was a social scientist in the early days of planetary colonization. Seeing the rabidly isolationist policies of many governments, [founder_pronoun] took a small ship to found [founder_possessive] own movement.</li>
					<li>story(uses=1,tag=meme_Xenophilia)    ->[founderName] assembled a team of great scientists and sociologists to create a new civilization where all species could live in harmony.</li>
					<!-- ideological lesson -->
					<li>lessonIntro(tag=meme_Xenophilia)         ->The oldest sociologist in my university taught me the history of life in the Universe, hinting that</li>
					<li>lesson(tag=meme_Xenophilia)              ->we are not alone. Intelligence is not scarce among the stars, and we are all brothers and sisters</li>
					<li>lessonReinforcement(tag=meme_Xenophilia) ->Only by working all together, side by side and leaving alone our differences, may we suceed at any given task.</li>
					<!-- archist -->
					<li>archistBasis(tag=meme_Xenophilia)    ->What could be more accepting of our intrinsic differences than a unifying, post-singularity archotech?</li>
					<li>archistFact(tag=meme_Xenophilia)     ->In transcendence, our biological origins blur together.</li>
					<li>archistProphecy(tag=meme_Xenophilia) ->[inTheEnd], all of us will achive our ascendancy by working together.</li>
					<!-- animist -->
					<li>animistBasis(tag=meme_Xenophilia)    ->There is no concept of "race" amongst spirits.</li>
					<li>animistProphecy(tag=meme_Xenophilia) ->The spirits will reveal their nature to us when we can fully accept one another as just varied manifestations of the same pure ideal.</li>
				</rulesStrings>
			</rules>
		</descriptionMaker>

		<symbolPacks>
			<li>
				<ideoName>Xenophilia</ideoName>
				<theme>xenophilia</theme>
				<adjective>xenophilic</adjective>
				<member>xenophile</member>
			</li>

		</symbolPacks>

	</MemeDef>
	<MemeDef>
		<defName>HAR_Xenophobia</defName>
		<label>xenophobia</label>
		<exclusionTags>
			<li>HAR_XenoDisposition</li>
		</exclusionTags>
		<description>Suffer not the alien to live, their mere existence is a threat to ours. Species of such are better as our servants or our sustenance.</description>
		<iconPath>AlienRace/UI/Memes/Xenophobia</iconPath>
		<groupDef>HAR_XenoDisposition</groupDef>
		<impact>1</impact>
		<generalRules>
			<rulesStrings>
				<li>memeAdjective->bigoted</li>
				<li>memeAdjective->ethnocentric</li>		
				<li>memeAdjective->intolerant</li>	
				<li>memeAdjective->prejudiced</li>	
				<li>memeLeaderAdjective->inflexible</li>					
				<li>memeConcept->intolerance</li>
				<li>memeConcept->prejudice</li>

			</rulesStrings>
		</generalRules>
		<requireOne>
			<li>
				<li>HAR_AlienRaces_Horrible</li>
				<li>HAR_AlienRaces_Abhorrent</li>

			</li>
			<li>
				<li>HAR_AlienSlavery_Honorable</li>
				
			</li>
			<li>
				<li>HAR_AlienDating_Prohibited</li>
				<li>HAR_AlienDating_Horrible</li>

			</li>
			<li>
				<li>HAR_EatingAliens_Preferred</li>
				<li>HAR_EatingAliens_RequiredStrong</li>

			</li>

		</requireOne>
		<descriptionMaker>
			<rules>
				<rulesStrings>
					<!-- theist myth -->
					<li>creation(tag=meme_Xenophobia)        ->[deity0_name] created us, a perfect manifestation of [deity0_possessive] divine image.</li>
					<li>episode(uses=1,tag=meme_Xenophobia)  ->The rest of [deity0_name]'s creations were just made as tools for us, it is [deity0_objective] will that we treat them as such.</li>
					<!-- theist founder -->
					<li>intro(tag=meme_Xenophobia)           ->On the [place_summary] [place_name], the [memberNamePlural] found the words of [deity0_name], putting us at the pinnacle of creation.</li>
					<li>conflict(tag=meme_Xenophobia)        ->Jealous of our divine stature, an alien [foeLeader] tried to conquer the [memberNamePlural] community, and [foeLeader_possessive] [foeSoldiers] enslaved our people.</li>
					<li>founderJoin(tag=meme_Xenophobia)     ->A cunning [place_job] named [founderName] arose among the slaves, organizing the [memberNamePlural] to fight against the alien opressor.</li>
					<li>victory(tag=meme_Xenophobia)         ->[founderName] slaughtered the alien scum as divinely ordered by [deity0_name], and ushered the [memberNamePlural] into a new era of progress and superiority.</li>
					<!-- ideological founder -->
					<li>setup(tag=meme_Xenophobia)           ->[founderName] was a social scientist in the early days of planetary colonization. Seeing the foolishly accepting policies of many governments, [founder_pronoun] took a small ship to found [founder_possessive] own movement.</li>
					<li>story(uses=1,tag=meme_Xenophobia)    ->[founderName] assembled a team of great scientists and sociologists to create a new civilization where the needs of our race take preference over the needs of disgusting aliens.</li>
					<!-- ideological lesson -->
					<li>lessonIntro(tag=meme_Xenophobia)         ->The oldest hunter in our squadron taught me the history of life in the Universe, hinting that</li>
					<li>lesson(tag=meme_Xenophobia)              ->we are not alone. Intelligence is not scarce among the stars and their mere existence is a threat to ours</li>
					<li>lessonReinforcement(tag=meme_Xenophobia) ->There is no other way around it, the alien menace must be purged.</li>
					<!-- archist -->
					<li>archistBasis(tag=meme_Xenophobia)    ->Archotechnology is the pinnacle of biological evolution, and it should only be reached by those who are truly deserving.</li>
					<li>archistFact(tag=meme_Xenophobia)     ->Can you imagine the threat a runaway alien post-singularity intelligence would pose to ourselves?</li>
					<li>archistProphecy(tag=meme_Xenophobia) ->There is no other way around it, aliens must be purged before they are allowed to reach that point.</li>
					<!-- animist -->
					<li>animistBasis(tag=meme_Xenophobia)    ->Aliens are soulless creatures, abominations to the world of spirits.</li>
					<li>animistProphecy(tag=meme_Xenophobia) ->Only by getting rid of all aliens will the spirits look favourably upon us.</li>
				</rulesStrings>
			</rules>
		</descriptionMaker>

		<symbolPacks>
			<li>
				<ideoName>Xenophobia</ideoName>
				<theme>xenophobia</theme>
				<adjective>Xenophobic</adjective>
				<member>xenophobe</member>
			</li>

		</symbolPacks>

	</MemeDef>

</Defs>
