<Patch>
    <Operation Class="PatchOperationAttributeSet">
        <xpath>Defs/ThingDef[defName="Human" or defName="CreepJoiner"]</xpath>
        <attribute>Class</attribute>
        <value>AlienRace.ThingDef_AlienRace</value>
    </Operation>
    
    <Operation Class="PatchOperationReplace">
        <xpath>Defs/PawnRenderTreeDef//li[texPath="Things/Pawn/Humanlike/Apparel/SwaddledBaby/Swaddled_Child"]/nodeClass</xpath>
        <value>
            <nodeClass>AlienRace.AlienPawnRenderNode_Swaddle</nodeClass>
        </value>
    </Operation>

    <Operation Class="PatchOperationAdd">
        <xpath>Defs/ThingDef[defName="Human"]</xpath>
        <value>
            <alienRace>
                <generalSettings>
                    <allowHumanBios>true</allowHumanBios>
                    <corpseCategory>CorpsesHumanlike</corpseCategory>
                    <alienPartGenerator>
                        <headTypes>
                            <li>Male_AverageNormal</li>
                            <li>Male_AverageWide</li>
                            <li>Male_AveragePointy</li>
                            <li>Male_NarrowNormal</li>
                            <li>Male_NarrowPointy</li>
                            <li>Male_NarrowWide</li>
                            <li>Female_AverageNormal</li>
                            <li>Female_AverageWide</li>
                            <li>Female_AveragePointy</li>
                            <li>Female_NarrowNormal</li>
                            <li>Female_NarrowPointy</li>
                            <li>Female_NarrowWide</li>
                        </headTypes>
                        <bodyTypes>
                            <li MayRequire="Ludeon.RimWorld.Biotech">Baby</li>
                            <li MayRequire="Ludeon.RimWorld.Biotech">Child</li>
                            <li>Male</li>
                            <li>Female</li>
                            <li>Thin</li>
                            <li>Hulk</li>
                            <li>Fat</li>
                        </bodyTypes>
                        <colorChannels></colorChannels>
                        <bodyAddons></bodyAddons>
                    </alienPartGenerator>
                </generalSettings>
                <graphicPaths>
                    <skinShader>CutoutSkin</skinShader>
                </graphicPaths>
                <thoughtSettings>
                    <cannotReceiveThoughts></cannotReceiveThoughts>
                    <canStillReceiveThoughts></canStillReceiveThoughts>
                </thoughtSettings>
                <relationSettings>
                    <renamer></renamer>
                </relationSettings>
                <raceRestriction>
                    <apparelList></apparelList>
                    <whiteApparelList></whiteApparelList>
                    <weaponList></weaponList>
                    <whiteWeaponList></whiteWeaponList>
                    <buildingList></buildingList>
                    <whiteBuildingList></whiteBuildingList>
                    <recipeList></recipeList>
                    <plantList></plantList>
                    <whitePlantList></whitePlantList>
                    <traitList></traitList>
                    <whiteTraitList></whiteTraitList>
                    <foodList></foodList>
                    <petList></petList>
                    <conceptList></conceptList>
                    <workGiverList></workGiverList>
                </raceRestriction>
            </alienRace>
        </value>
    </Operation>
</Patch>
