<?xml version="1.0" encoding="utf-8" ?>
<Defs>
    <!-- MainButtonDef>
        <defName>FISHAllocationProfiler</defName>
        <label>profiler</label>
        <description>Open the allocation profiler.</description>
        <tabWindowClass>PerformanceFish.AllocationProfiling+MainTabWindow</tabWindowClass>
        <canBeTutorDenied>false</canBeTutorDenied>
        <order>79</order>
        <validWithoutMap>true</validWithoutMap>
        <minimized>True</minimized>
        <iconPath>LogButton/Log</iconPath>
    </MainButtonDef -->
</Defs>