﻿<?xml version="1.0" encoding="utf-8"?>

<ModMetaData>
  <name>Humanoid Alien Races</name>
  <author>erdelf</author>
  <supportedVersions>
    <li>0.19</li>
    <li>1.0</li>
    <li>1.1</li>
    <li>1.2</li>
    <li>1.3</li>
    <li>1.4</li>
    <li>1.5</li>
  </supportedVersions>
  <packageId>erdelf.HumanoidAlienRaces</packageId>
  <url>https://github.com/erdelf/AlienRaces/wiki</url>
  <modIconPath IgnoreIfNoMatchingField="True">AlienRace/HARModIcon</modIconPath>
  <loadAfter>
    <li>imranfish.xmlextensions</li>
  </loadAfter>
  <description>
A framework for the creation of new alien races in Rimworld

If you ever thought that the racial diversity in rimworld is... not that diverse and you want to change that, you came to the right place. This framework allows to easily add new humanoid races without any C# knowledge, purely in xml.


Feature Overview
  -  Custom graphics with weighted skin and hair color selection
  -  Changing graphics with lifestages
  -  Drawing Tails
  -  Integration in the starting pawns, as well as slaves and refugees
  -  Gender distribution
  -  Backstories
  -  Drawsize (independent from race size)
  -  Support for genderless races
  -  Optional immunity to aging related body problems
  -  Optional forced traits
  -  Customizable thoughts, with specific configurations for eating and butchering humanlikes
  -  Modifiable relation chances
  -  Race restricted clothing, weapons, research projects, buildings, bills and plants.
  </description>
</ModMetaData>