<?xml version="1.0" encoding="utf-8" ?>
<Defs>
  <ThoughtDef>
    <defName>XenophobeVsXenophile</defName>
    <thoughtClass>AlienRace.Thought_XenophobeVsXenophile</thoughtClass>
    <workerClass>AlienRace.ThoughtWorker_XenophobeVsXenophile</workerClass>
    <validWhileDespawned>true</validWhileDespawned>
    <stages>
      <li>
        <label>xenophobe vs xenophile</label>
      </li>
    </stages>
  </ThoughtDef>
  <ThoughtDef>
    <defName>XenophobiaVsAlien</defName>
    <thoughtClass>Thought_SituationalSocial</thoughtClass>
    <workerClass>AlienRace.ThoughtWorker_XenophobiaVsAlien</workerClass>
    <validWhileDespawned>true</validWhileDespawned>
    <stages>
      <li>
        <label>xenophile loves aliens</label>
        <description>xenophile loves aliens</description>
        <baseOpinionOffset>20</baseOpinionOffset>
        <baseMoodEffect>2</baseMoodEffect>
      </li>
      <li>
        <label>xenophobe hates aliens</label>
        <description>xenophobe hates aliens</description>
        <baseOpinionOffset>-20</baseOpinionOffset>
        <baseMoodEffect>-2</baseMoodEffect>
      </li>
    </stages>
  </ThoughtDef>
  <ThoughtDef>
    <defName>AlienVsXenophobia</defName>
    <thoughtClass>Thought_SituationalSocial</thoughtClass>
    <workerClass>AlienRace.ThoughtWorker_AlienVsXenophobia</workerClass>
    <validWhileDespawned>true</validWhileDespawned>
    <stages>
      <li>
        <label>alien loved by xenophile</label>
        <baseOpinionOffset>10</baseOpinionOffset>
      </li>
      <li>
        <label>alien hated by xenophobe</label>
        <baseOpinionOffset>-10</baseOpinionOffset>
      </li>
    </stages>
  </ThoughtDef>
</Defs>