<?xml version="1.0" encoding="utf-8"?>
<ModMetaData>
	<name>Performance Fish</name>
	<packageId>bs.performance</packageId>
	<supportedVersions>
		<li>1.4</li>
		<li>1.5</li>
	</supportedVersions>
	<author>bradson</author>
	<modIconPath IgnoreIfNoMatchingField="True">PerformanceFish/ModIcon</modIconPath>
	<url>https://github.com/bbradson/performance-fish</url>
	<loadBefore>
		<li>Dubwise.DubsPerformanceAnalyzer</li>
		<li>Dubwise.DubsPerformanceAnalyzerButchered</li>
		<li>Ludeon.RimWorld.Royalty</li>
		<li>Ludeon.RimWorld.Ideology</li>
		<li>Ludeon.RimWorld.Biotech</li>
		<li>Ludeon.RimWorld.Anomaly</li>
		<li>UnlimitedHugs.HugsLib</li>
		<li>OskarPotocki.VanillaFactionsExpanded.Core</li>
		<li>Taranchuk.PerformanceOptimizer</li>
	</loadBefore>
	<loadAfter>
		<li>zetrith.prepatcher</li>
		<li>brrainz.harmony</li>
		<li>bs.fishery</li>
		<li>me.samboycoding.betterloading</li>
		<li>Ludeon.RimWorld</li>
		<li>bs.betterlog</li>
	</loadAfter>
	<modDependencies>
		<li>
			<packageId>brrainz.harmony</packageId>
			<displayName>Harmony</displayName>
			<steamWorkshopUrl>steam://url/CommunityFilePage/2009463077</steamWorkshopUrl>
			<downloadUrl>https://github.com/pardeike/HarmonyRimWorld/releases/latest</downloadUrl>
		</li>
		<li>
			<packageId>zetrith.prepatcher</packageId>
			<displayName>Prepatcher</displayName>
			<steamWorkshopUrl>steam://url/CommunityFilePage/2934420800</steamWorkshopUrl>
			<downloadUrl>https://github.com/Zetrith/Prepatcher</downloadUrl>
		</li>
		<li>
			<packageId>bs.fishery</packageId>
			<displayName>Fishery</displayName>
			<steamWorkshopUrl>n/a</steamWorkshopUrl>
			<downloadUrl>https://github.com/bbradson/Fishery</downloadUrl>
		</li>
	</modDependencies>
	<incompatibleWith>
		<li>majorhoff.rimthreaded</li> <!-- bad threading -->
		<li>telardo.NoLaggyBed</li> <!-- overlap in patches -->
		<li>GwinnBleidd.MothballedAndDeadPawns</li> <!-- redundant -->
		<li>VSE.OskarObnoxious</li> <!-- crashes reported -->
		<li>vanillaexpanded.storytellers.rick</li> <!-- sussy -->
	</incompatibleWith>
	<description>download more tps</description>
</ModMetaData>