<?xml version="1.0" encoding="utf-8" ?>
<Defs>
  <AlienRace.RaceSettings>
    <defName>HAR_AlienRaceSettings_Humans</defName>
    <pawnKindSettings>
      <alienslavekinds>
        <li>
          <kindDefs>
            <li>Slave</li>
          </kindDefs>
          <chance>100.0</chance>
        </li>
      </alienslavekinds>
      <alienrefugeekinds>
        <li MayRequire="Ludeon.RimWorld.Royalty">
          <kindDefs>
            <li>Refugee</li>
          </kindDefs>
          <chance>100.0</chance>
        </li>
        <li>
          <kindDefs>
            <li>SpaceRefugee</li>
          </kindDefs>
          <chance>50.0</chance>
        </li>
      </alienrefugeekinds>
      <alienwandererkinds>
        <li>
          <pawnKindEntries>
            <li>
              <kindDefs>
                <li>Villager</li>
              </kindDefs>
              <chance>100.0</chance>
            </li>
          </pawnKindEntries>
          <factionDefs>
            <li>PlayerColony</li>
            <li>PlayerTribe</li>
          </factionDefs>
        </li>
      </alienwandererkinds>
    </pawnKindSettings>
  </AlienRace.RaceSettings>
</Defs>