<loadFolders>
	<v1.0>
		<li>/</li>
		<li>1.0</li>		
	</v1.0>
	<v1.1>
		<li>/</li>
		<li>1.1</li>		
	</v1.1>
	<v1.2>
		<li>/</li>
		<li>1.2</li>		
	</v1.2>
	<v1.3>
		<li>/</li>
		<li>1.3</li>
		<li IfModActive="Ludeon.RimWorld.Ideology">1.3/Mods/Ideology</li>	
	</v1.3>
	<v1.4>
		<li>/</li>
		<li>1.4</li>
		<li IfModActive="Ludeon.RimWorld.Ideology">1.4/Mods/Ideology</li>	
	</v1.4>
	<v1.5>
		<li>/</li>
		<li>1.5</li>
		<li IfModActive="Ludeon.RimWorld.Ideology">1.5/Mods/Ideology</li>	
	</v1.5>
</loadFolders>
